,city,date,SO2,O3,NO2,PM10,PM25,avg temp,max temp,min temp,rain,wind,humid
0,강원,2021-09-30,0.0016666666666666668,0.020666666666666667,0.0045,9.666666666666666,4.666666666666667,19.533333333333335,25.833333333333332,15.0,NaN,1.2,83.96666666666667
1,경기,2021-09-30,0.002,0.016,0.02375,17.5,7.0,19.0,25.666666666666668,15.0,NaN,0.8333333333333334,89.76666666666667
2,경남,2021-09-30,0.002466666666666667,0.028666666666666663,0.011899999999999999,11.0,7.666666666666667,21.25,27.6,16.2,16.95,1.0,85.75
3,경북,2021-09-30,0.0026999999999999997,0.030666666666666665,0.006233333333333334,15.333333333333334,6.666666666666667,20.299999999999997,27.0,15.600000000000001,1.8,0.9,83.3
4,광주,2021-09-30,0.0030666666666666668,0.03666666666666667,0.010666666666666666,14.666666666666666,8.333333333333334,23.5,32.4,17.2,2.0,NaN,67.9
5,대구,2021-09-30,0.001,0.037333333333333336,0.007899999999999999,8.666666666666666,5.333333333333333,21.9,27.0,18.1,7.6,2.0,82.0
6,대전,2021-09-30,0.002466666666666667,0.029666666666666664,0.014433333333333333,16.666666666666668,10.333333333333334,21.9,27.6,18.3,NaN,1.0,83.6
7,부산,2021-09-30,0.003533333333333334,0.029666666666666664,0.0143,11.666666666666666,6.333333333333333,22.1,25.4,19.9,36.7,2.9,86.1
8,서울,2021-09-30,0.0023666666666666667,0.016666666666666666,0.020233333333333336,20.666666666666668,9.333333333333334,20.3,25.9,16.0,NaN,1.5,83.9
9,울산,2021-09-30,0.0021666666666666666,0.032,0.008166666666666668,11.0,6.0,21.3,25.4,18.6,23.2,1.9,90.0
10,인천,2021-09-30,0.0030000000000000005,0.016333333333333335,0.024066666666666667,18.0,9.333333333333334,20.8,24.6,16.9,NaN,2.2,78.1
11,전남,2021-09-30,0.0019333333333333331,0.024000000000000004,0.0047666666666666664,16.333333333333332,8.0,21.899999999999995,26.833333333333332,18.599999999999998,12.0,2.3333333333333335,88.2
12,전북,2021-09-30,0.0021,0.03466666666666667,0.008,24.0,12.333333333333334,21.599999999999998,27.833333333333332,17.400000000000002,0.05,1.3666666666666665,79.53333333333333
13,제주,2021-09-30,0.0015333333333333334,0.042666666666666665,0.0070999999999999995,17.0,7.333333333333333,23.65,26.25,22.25,15.899999999999999,2.2,88.55
14,충남,2021-09-30,0.0031,0.034333333333333334,0.0094,22.0,12.0,20.733333333333334,27.96666666666667,16.566666666666666,0.4,1.0333333333333334,82.46666666666665
15,충북,2021-09-30,0.002033333333333333,0.02266666666666667,0.012266666666666667,22.666666666666668,12.666666666666666,20.5,27.3,16.400000000000002,NaN,0.8333333333333334,81.96666666666665
0,강원,2021-09-29,0.0016666666666666,0.0183333333333333,0.0046666666666666,7.333333333333333,3.333333333333333,19.0,21.46666666666667,16.599999999999998,7.466666666666666,1.0666666666666669,94.06666666666666
1,경기,2021-09-29,0.0019,0.019,0.0171,11.5,6.5,19.566666666666663,21.9,16.3,10.0,1.3,96.93333333333334
2,경남,2021-09-29,0.0028666666666666,0.019,0.0168666666666666,19.0,14.0,21.6,26.15,20.15,30.85,0.6,95.95
3,경북,2021-09-29,0.0022666666666666,0.0166666666666666,0.0070999999999999,16.333333333333332,10.333333333333334,20.5,23.450000000000003,19.0,13.2,0.55,93.8
4,광주,2021-09-29,0.0032999999999999,0.0203333333333333,0.0142333333333333,19.666666666666668,12.666666666666666,22.7,26.5,21.2,31.2,1.1,97.8
5,대구,2021-09-29,0.0010333333333333,0.0233333333333333,0.0110666666666666,18.666666666666668,13.666666666666666,22.4,27.3,19.8,11.3,1.2,93.9
6,대전,2021-09-29,0.0023333333333333,0.0226666666666666,0.0124,12.333333333333334,8.666666666666666,21.5,23.7,19.5,19.1,1.0,97.0
7,부산,2021-09-29,0.0038333333333333,0.0243333333333333,0.0172333333333333,21.33333333333333,11.333333333333334,24.2,27.8,21.5,18.1,3.1,88.6
8,서울,2021-09-29,0.0024,0.017,0.0152333333333333,13.333333333333334,6.666666666666667,20.2,21.4,17.8,13.1,1.7,93.5
9,울산,2021-09-29,0.0021333333333333,0.0223333333333333,0.0118,19.666666666666668,10.666666666666666,23.5,28.4,19.8,12.9,1.5,91.1
10,인천,2021-09-29,0.0028333333333333,0.0183333333333333,0.0179666666666666,12.666666666666666,7.333333333333333,20.2,21.6,18.4,9.7,3.1,85.5
11,전남,2021-09-29,0.0020666666666666,0.0183333333333333,0.0054666666666666,21.0,11.0,22.6,27.46666666666667,20.766666666666666,38.93333333333333,1.4,94.56666666666668
12,전북,2021-09-29,0.0023333333333333,0.0296666666666666,0.0090666666666666,21.33333333333333,13.666666666666666,21.6,24.066666666666663,19.1,28.23333333333333,1.5333333333333332,90.5
13,제주,2021-09-29,0.0017,0.036,0.009,26.666666666666668,10.666666666666666,26.0,29.35,23.55,6.7,1.4500000000000002,87.44999999999999
14,충남,2021-09-29,0.0032999999999999,0.0289999999999999,0.0071333333333333,16.0,8.666666666666666,20.933333333333334,23.03333333333333,19.166666666666668,26.03333333333333,0.8333333333333334,95.73333333333332
15,충북,2021-09-29,0.0019,0.0186666666666666,0.0116333333333333,16.333333333333332,10.333333333333334,20.266666666666666,22.5,18.633333333333336,23.23333333333333,0.6333333333333333,95.23333333333332
16,강원,2021-09-28,0.0016666666666666,0.0203333333333333,0.0038666666666666,8.666666666666666,2.6666666666666665,20.166666666666668,23.6,17.0,0.5,1.0,81.23333333333333
17,경기,2021-09-28,0.00195,0.0195,0.01445,13.5,5.5,20.066666666666663,24.2,17.8,1.933333333333333,1.5666666666666669,85.89999999999999
18,경남,2021-09-28,0.0026666666666666,0.027,0.0128,15.666666666666666,11.0,21.15,24.8,18.15,0.2,0.65,83.5
19,경북,2021-09-28,0.0025333333333333,0.0216666666666666,0.0069,16.333333333333332,6.666666666666667,20.45,23.9,16.549999999999997,0.0,0.7,81.69999999999999
20,광주,2021-09-28,0.0034666666666666,0.032,0.0112333333333333,18.33333333333333,10.666666666666666,22.7,25.8,20.8,0.3,1.1,83.8
21,대구,2021-09-28,0.0010666666666666,0.03,0.0092666666666666,19.666666666666668,10.333333333333334,21.8,26.0,19.0,NaN,2.0,75.8
22,대전,2021-09-28,0.0024,0.03,0.0117333333333333,12.0,6.666666666666667,22.0,25.8,19.8,0.7,1.6,82.9
23,부산,2021-09-28,0.0037333333333333,0.032,0.0131666666666666,16.333333333333332,7.0,22.4,26.3,20.0,0.0,2.6,77.3
24,서울,2021-09-28,0.0023,0.0183333333333333,0.015,13.0,4.666666666666667,21.5,24.4,19.6,1.3,2.2,75.1
25,울산,2021-09-28,0.0020666666666666,0.03,0.0081,14.333333333333334,6.333333333333333,21.4,25.0,18.3,0.0,1.4,84.8
26,인천,2021-09-28,0.0026666666666666,0.014,0.0237999999999999,11.0,6.0,21.3,23.5,19.9,3.5,2.2,71.0
27,전남,2021-09-28,0.0031,0.0253333333333333,0.0057333333333333,20.0,10.0,22.1,24.83333333333333,19.866666666666667,0.1666666666666666,1.9666666666666663,80.39999999999999
28,전북,2021-09-28,0.0022,0.0246666666666666,0.0090666666666666,21.33333333333333,11.666666666666666,21.9,25.133333333333336,20.266666666666666,1.2666666666666666,1.0333333333333334,79.36666666666666
29,제주,2021-09-28,0.0011333333333333,0.0423333333333333,0.0075666666666666,30.0,13.333333333333334,25.15,28.05,22.9,NaN,2.3,84.9
30,충남,2021-09-28,0.0034666666666666,0.0303333333333333,0.0074,15.0,8.0,21.23333333333333,24.566666666666663,19.366666666666664,0.6666666666666666,1.0,81.3
31,충북,2021-09-28,0.0018666666666666,0.0266666666666666,0.0065999999999999,11.333333333333334,6.0,20.6,24.46666666666667,17.533333333333335,1.4666666666666668,1.1666666666666667,79.66666666666667
32,강원,2021-09-19,0.002,0.0233333333333333,0.0035666666666666,10.0,4.333333333333333,21.0,25.5,17.099999999999998,NaN,1.3,77.96666666666667
33,경기,2021-09-19,0.0019,0.0275,0.0119,12.5,7.0,21.8,26.866666666666664,18.566666666666663,NaN,1.0333333333333334,80.23333333333333
34,경남,2021-09-19,0.0022666666666666,0.031,0.0063666666666666,11.333333333333334,8.0,20.5,27.4,15.25,NaN,0.9,81.75
35,경북,2021-09-19,0.0024333333333333,0.0266666666666666,0.0043333333333333,13.666666666666666,8.0,19.85,26.55,14.9,NaN,0.8999999999999999,81.05
36,광주,2021-09-19,0.0032333333333333,0.0403333333333333,0.0075,15.666666666666666,10.333333333333334,23.5,28.8,19.1,NaN,1.2,77.1
37,대구,2021-09-19,0.0010666666666666,0.0323333333333333,0.006,12.0,8.0,21.7,27.1,17.2,NaN,2.1,76.3
38,대전,2021-09-19,0.0022666666666666,0.0293333333333333,0.0089,9.0,5.333333333333333,22.9,28.2,18.0,NaN,1.3,75.5
39,부산,2021-09-19,0.0049,0.0366666666666666,0.0086,13.666666666666666,5.333333333333333,22.7,27.8,19.4,NaN,2.7,72.5
40,서울,2021-09-19,0.0023333333333333,0.027,0.0101666666666666,11.0,5.0,23.7,27.8,20.8,NaN,1.9,62.9
41,울산,2021-09-19,0.0015666666666666,0.0336666666666666,0.004,11.0,5.0,21.6,25.2,19.5,NaN,2.2,79.3
42,인천,2021-09-19,0.0028,0.027,0.0189666666666666,12.666666666666666,8.333333333333334,24.2,27.6,22.0,0.0,2.0,57.3
43,전남,2021-09-19,0.00345,0.023,0.0052333333333333,18.666666666666668,10.0,22.1,27.53333333333333,17.366666666666664,NaN,1.8,79.8
44,전북,2021-09-19,0.0020333333333333,0.0296666666666666,0.0066333333333333,18.33333333333333,9.666666666666666,22.933333333333337,28.7,18.266666666666666,NaN,1.2333333333333334,75.16666666666667
45,제주,2021-09-19,0.0016666666666666,0.0413333333333333,0.0046333333333333,23.666666666666668,9.333333333333334,24.15,27.1,21.700000000000003,NaN,2.6500000000000004,77.95
46,충남,2021-09-19,0.0033333333333333,0.034,0.0062,15.666666666666666,9.0,21.866666666666664,28.2,16.8,NaN,0.7666666666666666,77.96666666666665
47,충북,2021-09-19,0.0016666666666666,0.0249999999999999,0.0063999999999999,12.333333333333334,6.333333333333333,20.53333333333333,26.933333333333334,15.866666666666667,NaN,0.9666666666666668,75.66666666666667
48,강원,2021-09-22,0.002,0.0463333333333333,0.0030666666666666,9.333333333333334,4.666666666666667,21.933333333333337,26.23333333333333,18.9,5.7,2.566666666666667,64.66666666666667
49,경기,2021-09-22,0.0019,0.048,0.0066,12.0,5.0,19.6,24.9,15.766666666666666,8.3,2.3000000000000003,83.10000000000001
50,경남,2021-09-22,0.0024666666666666,0.0386666666666666,0.0101333333333333,18.666666666666668,13.666666666666666,21.25,27.55,16.4,0.95,1.55,79.9
51,경북,2021-09-22,0.0021333333333333,0.038,0.0041666666666666,18.666666666666668,11.333333333333334,20.950000000000003,26.75,16.4,1.55,1.5,74.7
52,광주,2021-09-22,0.0030333333333333,0.0569999999999999,0.0070333333333333,22.666666666666668,14.333333333333334,23.2,29.0,18.6,1.9,1.4,84.8
53,대구,2021-09-22,0.0012333333333333,0.042,0.0058333333333333,19.33333333333333,12.666666666666666,24.1,29.6,18.2,NaN,2.2,67.4
54,대전,2021-09-22,0.0023666666666666,0.0566666666666666,0.0056,15.333333333333334,10.666666666666666,22.5,27.8,18.1,10.2,1.8,78.4
55,부산,2021-09-22,0.0048,0.0529999999999999,0.0113,25.0,14.333333333333334,23.1,27.3,19.4,4.0,NaN,80.9
56,서울,2021-09-22,0.0023333333333333,0.044,0.0071333333333333,12.333333333333334,6.333333333333333,20.2,24.3,16.8,4.5,2.7,79.0
57,울산,2021-09-22,0.002,0.043,0.0064666666666666,20.666666666666668,11.333333333333334,23.3,27.7,18.6,0.0,2.6,73.1
58,인천,2021-09-22,0.0026666666666666,0.042,0.0097,11.333333333333334,5.666666666666667,20.8,23.3,18.1,7.0,3.5,70.8
59,전남,2021-09-22,0.0030333333333333,0.0383333333333333,0.0040999999999999,28.33333333333333,15.333333333333334,22.46666666666667,28.666666666666668,18.3,1.8,2.1666666666666665,84.63333333333334
60,전북,2021-09-22,0.00255,0.0563333333333333,0.0052,27.666666666666668,15.0,22.83333333333333,27.3,18.8,4.266666666666667,2.066666666666667,77.03333333333335
61,제주,2021-09-22,0.0021,0.075,0.0060333333333333,38.333333333333336,22.0,25.700000000000003,29.3,21.4,NaN,2.85,81.1
62,충남,2021-09-22,0.0034,0.0586666666666666,0.0046666666666666,20.666666666666668,11.0,21.566666666666663,26.8,16.866666666666664,10.3,1.5333333333333332,79.73333333333333
63,충북,2021-09-22,0.0019,0.0466666666666666,0.0063666666666666,16.666666666666668,8.333333333333334,20.566666666666663,25.933333333333334,16.866666666666667,12.3,1.4666666666666666,78.03333333333333
64,강원,2021-09-21,0.002,0.0296666666666666,0.0071666666666666,12.666666666666666,5.666666666666667,21.866666666666664,27.7,18.166666666666668,14.066666666666668,1.4,80.26666666666667
65,경기,2021-09-21,0.00185,0.0419999999999999,0.0059,15.0,7.5,21.433333333333337,26.4,17.599999999999998,42.46666666666667,2.266666666666667,89.0
66,경남,2021-09-21,0.0023666666666666,0.0336666666666666,0.0076,14.0,10.333333333333334,22.4,26.6,18.4,10.4,1.45,88.4
67,경북,2021-09-21,0.0021333333333333,0.0213333333333333,0.0045666666666666,17.333333333333332,9.666666666666666,21.25,26.25,17.65,11.4,0.8500000000000001,90.5
68,광주,2021-09-21,0.003,0.0486666666666666,0.0038,11.666666666666666,7.0,22.5,26.0,20.1,32.0,2.4,92.9
69,대구,2021-09-21,0.0011,0.0356666666666666,0.0050666666666666,13.0,10.0,22.9,26.5,20.0,9.0,1.5,90.6
70,대전,2021-09-21,0.0023,0.04,0.0058666666666666,13.666666666666666,9.666666666666666,22.6,26.2,20.6,34.3,2.0,88.3
71,부산,2021-09-21,0.0045,0.04,0.0076333333333333,17.333333333333332,6.333333333333333,23.0,25.0,21.4,7.9,4.5,92.9
72,서울,2021-09-21,0.0024666666666666,0.0413333333333333,0.0064333333333333,16.666666666666668,9.0,22.0,26.2,17.4,68.1,2.9,85.1
73,울산,2021-09-21,0.0021666666666666,0.0296666666666666,0.0064333333333333,13.666666666666666,7.333333333333333,23.5,25.6,20.5,3.4,2.5,91.5
74,인천,2021-09-21,0.0026999999999999,0.0426666666666666,0.0084333333333333,15.333333333333334,8.666666666666666,21.8,24.8,18.1,74.6,4.2,77.5
75,전남,2021-09-21,0.0026999999999999,0.0316666666666666,0.0031333333333333,15.0,6.666666666666667,22.8,26.266666666666666,18.766666666666666,28.16666666666667,2.733333333333333,86.3
76,전북,2021-09-21,0.0020499999999999,0.043,0.0047333333333333,19.33333333333333,10.0,22.566666666666663,26.33333333333333,19.933333333333334,49.53333333333334,2.533333333333333,82.86666666666666
77,제주,2021-09-21,0.0017666666666666,0.048,0.0052,21.666666666666668,11.0,24.3,27.75,21.65,16.55,2.85,83.15
78,충남,2021-09-21,0.0034,0.049,0.0042333333333333,18.0,8.333333333333334,22.23333333333333,26.166666666666668,19.73333333333333,40.3,2.1,86.66666666666667
79,충북,2021-09-21,0.0019333333333333,0.035,0.0056666666666666,16.0,8.666666666666666,21.46666666666667,25.23333333333333,18.633333333333333,32.800000000000004,1.4666666666666668,86.03333333333335
80,강원,2021-09-20,0.002,0.0276666666666666,0.0039,10.666666666666666,3.333333333333333,21.566666666666663,27.1,16.066666666666666,0.0,1.7666666666666666,75.60000000000001
81,경기,2021-09-20,0.00195,0.036,0.0055,9.5,5.0,22.9,28.066666666666663,16.433333333333334,NaN,2.1333333333333333,70.03333333333335
82,경남,2021-09-20,0.0025,0.0336666666666666,0.0061333333333333,14.333333333333334,11.0,21.1,26.0,15.05,0.0,1.25,83.9
83,경북,2021-09-20,0.0023333333333333,0.0266666666666666,0.0040666666666666,14.333333333333334,7.333333333333333,21.05,26.35,15.15,NaN,1.0499999999999998,76.75
84,광주,2021-09-20,0.0032,0.042,0.0052666666666666,17.666666666666668,12.0,23.9,28.3,19.2,NaN,2.0,78.6
85,대구,2021-09-20,0.0012,0.0333333333333333,0.0053999999999999,15.0,9.0,21.7,26.3,16.6,NaN,2.6,79.1
86,대전,2021-09-20,0.0023333333333333,0.0396666666666666,0.0068,12.333333333333334,7.333333333333333,23.6,28.2,18.9,NaN,3.4,75.0
87,부산,2021-09-20,0.0045333333333333,0.039,0.0068,16.333333333333332,5.333333333333333,23.1,27.4,19.9,NaN,2.6,79.4
88,서울,2021-09-20,0.0023666666666666,0.034,0.0074333333333333,11.666666666666666,5.333333333333333,23.7,28.4,19.0,NaN,2.7,63.6
89,울산,2021-09-20,0.0016333333333333,0.0296666666666666,0.0049333333333333,13.666666666666666,5.0,21.5,25.6,18.9,0.0,1.5,87.3
90,인천,2021-09-20,0.0026,0.034,0.0114333333333333,10.333333333333334,5.666666666666667,23.8,27.7,20.2,0.3,3.5,53.1
91,전남,2021-09-20,0.0031666666666666,0.0273333333333333,0.0038999999999999,20.33333333333333,10.333333333333334,23.1,27.2,17.5,NaN,3.333333333333333,78.93333333333334
92,전북,2021-09-20,0.00215,0.033,0.0055,21.0,12.333333333333334,23.83333333333333,28.866666666666664,18.366666666666667,NaN,2.2666666666666666,68.2
93,제주,2021-09-20,0.0018333333333333,0.0393333333333333,0.0057333333333333,24.666666666666668,10.333333333333334,25.7,29.55,22.35,NaN,1.9,78.9
94,충남,2021-09-20,0.0034,0.04,0.0050666666666666,15.666666666666666,8.666666666666666,22.866666666666664,28.46666666666667,16.933333333333334,NaN,1.4333333333333331,70.73333333333333
95,충북,2021-09-20,0.0016666666666666,0.0346666666666666,0.0058,13.0,6.666666666666667,21.366666666666664,26.53333333333333,15.433333333333332,NaN,1.8333333333333333,73.23333333333333
96,강원,2021-09-03,0.0019666666666666,0.024,0.0030666666666666,10.666666666666666,3.6666666666666665,21.933333333333334,26.666666666666668,17.5,NaN,1.6666666666666667,72.53333333333333
97,경기,2021-09-03,0.0019,0.0286666666666666,0.0108333333333333,13.0,5.0,23.3,28.73333333333333,18.9,NaN,1.5,70.63333333333334
98,경남,2021-09-03,0.0024,0.0276666666666666,0.009,12.0,8.333333333333334,20.05,22.4,18.1,1.85,0.75,93.05
99,경북,2021-09-03,0.0022333333333333,0.0253333333333333,0.0064,16.333333333333332,7.0,20.8,25.4,17.15,0.15,0.95,81.55
100,광주,2021-09-03,0.003,0.034,0.0084333333333333,7.0,4.0,22.4,27.5,19.7,1.3,1.5,94.1
101,대구,2021-09-03,0.0011333333333333,0.0223333333333333,0.0090999999999999,13.666666666666666,5.666666666666667,20.5,22.7,19.3,3.8,1.4,86.5
102,대전,2021-09-03,0.0037333333333333,0.0373333333333333,0.0065333333333333,10.333333333333334,5.333333333333333,23.7,28.1,19.9,NaN,2.3,75.1
103,부산,2021-09-03,0.0032333333333333,0.034,0.0099333333333333,11.666666666666666,5.333333333333333,22.1,25.5,20.0,0.8,3.2,81.0
104,서울,2021-09-03,0.0023333333333333,0.0293333333333333,0.0112333333333333,15.333333333333334,5.666666666666667,24.3,29.2,20.6,NaN,2.4,60.3
105,울산,2021-09-03,0.0016333333333333,0.0296666666666666,0.0075333333333333,13.333333333333334,6.0,20.6,22.7,19.4,1.7,2.0,94.1
106,인천,2021-09-03,0.0028,0.0296666666666666,0.0194,14.333333333333334,7.333333333333333,24.3,28.3,21.3,NaN,2.4,54.3
107,전남,2021-09-03,0.004,0.0249999999999999,0.0078333333333333,14.0,6.666666666666667,22.6,26.266666666666666,20.166666666666668,1.1666666666666667,1.5,88.2
108,전북,2021-09-03,0.0019333333333333,0.0276666666666666,0.0058666666666666,17.666666666666668,6.666666666666667,23.366666666666664,28.566666666666663,20.0,2.7999999999999994,1.2,77.83333333333333
109,제주,2021-09-03,0.0016666666666666,0.0376666666666666,0.0056666666666666,16.0,8.333333333333334,24.25,26.6,22.9,54.4,2.6,91.6
110,충남,2021-09-03,0.0033666666666666,0.037,0.0067,17.333333333333332,8.0,22.83333333333333,28.0,19.0,NaN,1.2333333333333334,76.53333333333333
111,충북,2021-09-03,0.0018,0.0276666666666666,0.0059333333333333,15.0,6.0,22.266666666666666,27.933333333333334,18.03333333333333,NaN,1.3666666666666665,71.73333333333333
112,강원,2021-09-04,0.0019666666666666,0.026,0.0026999999999999,14.666666666666666,3.333333333333333,20.866666666666664,26.133333333333336,16.2,0.85,2.0,72.89999999999999
113,경기,2021-09-04,0.0018,0.0316666666666666,0.0076666666666666,9.333333333333334,4.333333333333333,21.73333333333333,28.03333333333333,15.8,NaN,1.6666666666666667,68.33333333333333
114,경남,2021-09-04,0.0023666666666666,0.0303333333333333,0.0075,14.333333333333334,8.666666666666666,21.85,26.55,17.95,NaN,0.95,82.15
115,경북,2021-09-04,0.0020333333333333,0.0276666666666666,0.0051666666666666,16.333333333333332,6.666666666666667,20.35,26.5,15.15,NaN,0.95,79.5
116,광주,2021-09-04,0.0034,0.0383333333333333,0.0081333333333333,13.666666666666666,7.0,23.4,26.8,20.1,0.0,1.0,88.6
117,대구,2021-09-04,0.0011333333333333,0.028,0.0076,16.333333333333332,6.333333333333333,22.4,26.8,18.8,NaN,2.0,66.4
118,대전,2021-09-04,0.003,0.0336666666666666,0.0094666666666666,10.333333333333334,4.666666666666667,23.2,28.5,18.1,NaN,1.5,75.4
119,부산,2021-09-04,0.0036,0.036,0.0088666666666666,14.333333333333334,5.0,23.0,26.8,20.8,NaN,2.7,73.5
120,서울,2021-09-04,0.0023,0.0333333333333333,0.0084333333333333,10.666666666666666,3.0,23.2,28.6,18.5,NaN,2.7,57.0
121,울산,2021-09-04,0.0018333333333333,0.034,0.0056333333333333,15.333333333333334,6.666666666666667,21.9,25.2,19.0,NaN,2.2,81.0
122,인천,2021-09-04,0.0027666666666666,0.0326666666666666,0.0152,9.666666666666666,5.0,23.8,26.9,19.6,NaN,2.5,47.1
123,전남,2021-09-04,0.0040333333333333,0.0256666666666666,0.0065333333333333,20.0,8.0,23.133333333333336,26.766666666666666,20.066666666666663,0.0,1.6666666666666667,81.66666666666667
124,전북,2021-09-04,0.0018666666666666,0.0283333333333333,0.0064,17.666666666666668,6.666666666666667,23.566666666666663,28.1,19.53333333333333,0.0,1.3,71.43333333333332
125,제주,2021-09-04,0.0017333333333333,0.0376666666666666,0.0044666666666666,22.33333333333333,6.666666666666667,25.05,28.1,23.0,NaN,2.75,82.5
126,충남,2021-09-04,0.0034666666666666,0.037,0.0068,16.666666666666668,7.333333333333333,22.26666666666667,27.96666666666667,17.366666666666664,NaN,1.1666666666666667,74.96666666666665
127,충북,2021-09-04,0.0015666666666666,0.0263333333333333,0.0059,12.0,5.5,20.9,27.03333333333333,15.466666666666669,NaN,1.3,73.3
128,강원,2021-09-05,0.0020333333333333,0.03,0.0025666666666666,13.0,4.666666666666667,21.366666666666664,25.73333333333333,17.133333333333333,8.15,1.9666666666666668,78.83333333333333
129,경기,2021-09-05,0.0017666666666666,0.0306666666666666,0.0056,10.333333333333334,4.333333333333333,21.633333333333336,27.166666666666668,16.266666666666666,NaN,1.9333333333333336,71.06666666666666
130,경남,2021-09-05,0.0024666666666666,0.0283333333333333,0.0069,15.666666666666666,9.333333333333334,20.55,24.05,18.3,2.9,0.6499999999999999,85.9
131,경북,2021-09-05,0.0019,0.0286666666666666,0.0047,18.33333333333333,7.666666666666667,20.1,25.6,14.8,0.0,1.0,80.6
132,광주,2021-09-05,0.0030333333333333,0.0366666666666666,0.0067,15.333333333333334,8.666666666666666,21.6,24.3,19.2,1.1,1.4,91.1
133,대구,2021-09-05,0.0011,0.0283333333333333,0.0057,15.333333333333334,6.0,21.8,25.1,19.3,0.4,1.7,68.5
134,대전,2021-09-05,0.003,0.031,0.0086,11.333333333333334,4.666666666666667,21.7,24.8,18.4,0.3,1.4,85.4
135,부산,2021-09-05,0.0038,0.038,0.0065333333333333,18.666666666666668,6.333333333333333,22.7,26.3,21.3,0.0,2.8,71.6
136,서울,2021-09-05,0.0022666666666666,0.0336666666666666,0.0068333333333333,10.333333333333334,3.6666666666666665,23.1,27.3,19.4,NaN,3.2,61.1
137,울산,2021-09-05,0.0019,0.0356666666666666,0.0053666666666666,19.33333333333333,7.0,22.3,25.3,20.3,0.0,2.2,80.4
138,인천,2021-09-05,0.0027666666666666,0.0293333333333333,0.0111666666666666,8.0,4.666666666666667,23.4,26.5,20.3,NaN,3.6,48.4
139,전남,2021-09-05,0.0032999999999999,0.0249999999999999,0.0049333333333333,19.666666666666668,8.0,21.8,23.766666666666666,19.966666666666665,0.1,2.066666666666667,83.0
140,전북,2021-09-05,0.0022666666666666,0.0216666666666666,0.0055333333333333,16.666666666666668,6.0,21.3,23.7,18.9,7.333333333333333,1.2666666666666668,81.33333333333333
141,제주,2021-09-05,0.0016,0.0376666666666666,0.0036,19.33333333333333,6.0,24.05,25.9,22.85,12.85,2.6500000000000004,88.25
142,충남,2021-09-05,0.0034,0.031,0.0061333333333333,15.0,6.333333333333333,21.03333333333333,24.166666666666668,18.23333333333333,0.9333333333333332,1.1333333333333333,81.60000000000001
143,충북,2021-09-05,0.0014666666666666,0.0246666666666666,0.0054333333333333,13.5,6.0,20.53333333333333,25.666666666666668,15.2,0.75,1.3,76.83333333333333
144,강원,2021-08-12,0.0021666666666666,0.0263333333333333,0.0027333333333333,18.0,6.333333333333333,25.0,28.83333333333333,21.666666666666668,NaN,1.3,82.06666666666666
145,경기,2021-08-12,0.0023,0.0403333333333333,0.0164666666666666,32.666666666666664,22.0,25.96666666666667,31.066666666666663,21.866666666666664,0.0,1.1,77.76666666666667
146,경남,2021-08-12,0.002,0.032,0.0068,NaN,NaN,24.9,30.35,20.7,0.4,0.95,85.0
147,경북,2021-08-12,0.0024333333333333,0.0316666666666666,0.0081,25.0,13.666666666666666,25.4,31.0,21.0,NaN,0.9,78.55
148,광주,2021-08-12,0.0031333333333333,0.0346666666666666,0.0111666666666666,25.0,17.666666666666668,26.3,30.3,22.8,0.6,1.0,84.8
149,대구,2021-08-12,0.0011666666666666,0.0376666666666666,0.0079666666666666,30.33333333333333,14.0,26.1,30.9,21.6,0.0,2.4,71.3
150,대전,2021-08-12,0.0025666666666666,0.0426666666666666,0.0126333333333333,25.33333333333333,18.0,27.6,32.3,23.7,NaN,1.1,76.5
151,부산,2021-08-12,0.0035666666666666,0.0423333333333333,0.0132333333333333,19.0,10.0,26.3,29.9,23.4,0.2,2.3,80.5
152,서울,2021-08-12,0.0024,0.044,0.0147,36.0,26.0,26.8,31.7,24.0,0.0,1.8,67.1
153,울산,2021-08-12,0.0016333333333333,0.0306666666666666,0.0085666666666666,20.0,11.333333333333334,24.8,29.7,20.7,1.4,1.6,89.4
154,인천,2021-08-12,0.0029666666666666,0.047,0.0223,39.0,27.33333333333333,27.1,30.2,24.4,NaN,2.1,61.6
155,전남,2021-08-12,0.0032666666666666,0.031,0.0050666666666666,23.666666666666668,11.333333333333334,26.03333333333333,30.166666666666668,22.1,0.0,1.7666666666666668,80.26666666666667
156,전북,2021-08-12,0.0025666666666666,0.0393333333333333,0.0074333333333333,34.0,23.666666666666668,25.73333333333333,31.866666666666664,22.33333333333333,1.933333333333333,1.1333333333333333,81.53333333333333
157,제주,2021-08-12,0.0014333333333333,0.039,0.0078333333333333,11.333333333333334,5.0,25.4,28.4,23.65,29.4,1.4,91.4
158,충남,2021-08-12,0.0036666666666666,0.0486666666666666,0.0091333333333333,38.333333333333336,28.0,25.933333333333334,32.13333333333333,21.83333333333333,0.9,1.0,78.06666666666666
159,충북,2021-08-12,0.0014666666666666,0.0326666666666666,0.0076333333333333,23.0,15.0,25.366666666666664,30.666666666666668,21.0,0.8,0.9666666666666668,77.8
160,강원,2021-08-11,0.0021,0.0273333333333333,0.0032333333333333,18.0,7.333333333333333,24.7,29.53333333333333,20.83333333333333,0.1,1.0333333333333334,81.7
161,경기,2021-08-11,0.0022666666666666,0.0386666666666666,0.0159333333333333,27.0,18.0,25.633333333333336,31.96666666666667,21.133333333333333,1.5,0.9666666666666668,80.96666666666665
162,경남,2021-08-11,0.0022,0.041,0.006,NaN,NaN,25.0,30.6,21.55,NaN,1.1,84.19999999999999
163,경북,2021-08-11,0.0021333333333333,0.03,0.0072333333333333,23.0,10.0,25.3,31.200000000000003,20.55,NaN,1.05,78.65
164,광주,2021-08-11,0.0029666666666666,0.0393333333333333,0.0085,19.33333333333333,13.333333333333334,26.5,30.9,22.5,0.0,1.7,83.1
165,대구,2021-08-11,0.0011333333333333,0.0283333333333333,0.0085333333333333,33.666666666666664,16.333333333333332,25.6,32.5,21.9,8.9,1.4,76.1
166,대전,2021-08-11,0.0026,0.042,0.0115333333333333,15.0,10.333333333333334,27.4,33.0,22.6,NaN,1.0,75.4
167,부산,2021-08-11,0.0029666666666666,0.0293333333333333,0.0159,25.666666666666668,12.333333333333334,26.0,28.6,24.5,0.0,2.0,82.4
168,서울,2021-08-11,0.0026,0.0446666666666666,0.0149333333333333,31.666666666666668,22.0,27.4,31.6,24.1,0.0,2.0,70.3
169,울산,2021-08-11,0.0018333333333333,0.028,0.011,24.0,10.666666666666666,24.9,30.2,22.2,NaN,1.4,88.3
170,인천,2021-08-11,0.0029666666666666,0.0393333333333333,0.0223333333333333,32.666666666666664,21.33333333333333,26.5,30.1,23.5,1.4,1.9,68.6
171,전남,2021-08-11,0.0029666666666666,0.0286666666666666,0.0038666666666666,23.0,11.0,26.166666666666668,30.6,22.6,NaN,2.1666666666666665,80.46666666666667
172,전북,2021-08-11,0.0025666666666666,0.0416666666666666,0.0057666666666666,24.0,13.0,27.3,33.2,21.83333333333333,NaN,1.3333333333333333,71.76666666666667
173,제주,2021-08-11,0.0013,0.044,0.0056,14.333333333333334,7.666666666666667,25.5,27.75,23.3,36.35,1.9,92.45
174,충남,2021-08-11,0.0036333333333333,0.045,0.0071333333333333,27.666666666666668,18.33333333333333,26.53333333333333,32.36666666666667,21.8,NaN,0.9333333333333332,75.23333333333333
175,충북,2021-08-11,0.0015666666666666,0.0323333333333333,0.0073333333333333,19.0,11.333333333333334,25.766666666666666,31.866666666666664,21.26666666666667,0.0,0.9666666666666668,74.86666666666666
176,강원,2021-08-10,0.0020666666666666,0.0236666666666666,0.0038333333333333,18.0,6.0,23.8,29.166666666666668,20.366666666666664,4.433333333333334,1.7666666666666666,83.0
177,경기,2021-08-10,0.0025,0.0386666666666666,0.0113333333333333,15.333333333333334,7.666666666666667,25.933333333333334,32.36666666666667,21.9,NaN,1.7,73.66666666666667
178,경남,2021-08-10,0.002,0.032,0.0069,2.0,6.0,25.25,30.8,22.4,21.95,1.3,84.2
179,경북,2021-08-10,0.0022666666666666,0.0243333333333333,0.0083666666666666,18.33333333333333,7.666666666666667,23.05,27.0,20.4,2.7,0.8,85.05
180,광주,2021-08-10,0.0031666666666666,0.0406666666666666,0.0082,17.333333333333332,10.666666666666666,27.6,32.3,24.8,NaN,1.4,80.6
181,대구,2021-08-10,0.0013,0.0289999999999999,0.0090666666666666,17.0,6.0,23.5,27.8,21.0,13.6,2.4,80.6
182,대전,2021-08-10,0.0025666666666666,0.0436666666666666,0.0097666666666666,10.0,8.0,27.3,32.9,23.9,7.8,1.8,78.0
183,부산,2021-08-10,0.0032333333333333,0.0313333333333333,0.0115666666666666,22.0,8.0,26.2,29.4,22.7,0.5,2.4,78.9
184,서울,2021-08-10,0.0025666666666666,0.0383333333333333,0.0133333333333333,17.666666666666668,10.333333333333334,27.7,32.2,24.3,NaN,2.3,62.5
185,울산,2021-08-10,0.0019333333333333,0.0213333333333333,0.0097,15.333333333333334,7.333333333333333,23.9,27.8,21.6,1.7,1.3,92.5
186,인천,2021-08-10,0.0030666666666666,0.035,0.0160333333333333,14.333333333333334,8.333333333333334,27.2,29.5,24.8,NaN,2.5,59.6
187,전남,2021-08-10,0.0029666666666666,0.0276666666666666,0.0043333333333333,19.33333333333333,10.0,26.866666666666664,31.23333333333333,24.066666666666663,NaN,1.8,81.86666666666666
188,전북,2021-08-10,0.0023666666666666,0.038,0.0060666666666666,19.33333333333333,9.333333333333334,26.96666666666667,31.866666666666664,23.3,4.5,1.6333333333333335,76.83333333333333
189,제주,2021-08-10,0.0014333333333333,0.0479999999999999,0.0063,23.33333333333333,12.666666666666666,27.6,30.0,26.0,4.6,1.85,78.75
190,충남,2021-08-10,0.0035666666666666,0.0416666666666666,0.0068333333333333,20.0,11.333333333333334,26.3,31.666666666666668,22.9,0.2,1.2,80.3
191,충북,2021-08-10,0.0015333333333333,0.0283333333333333,0.0067666666666666,13.0,6.666666666666667,24.33333333333333,29.0,21.633333333333336,8.766666666666667,1.3333333333333333,80.73333333333333
192,강원,2021-08-09,0.0019666666666666,0.0293333333333333,0.0026666666666666,13.666666666666666,4.666666666666667,25.2,28.9,21.766666666666666,30.05,2.6666666666666665,78.66666666666667
193,경기,2021-08-09,0.0017,0.033,0.0098666666666666,8.333333333333334,3.6666666666666665,27.1,33.03333333333333,21.866666666666664,NaN,1.7333333333333334,70.23333333333333
194,경남,2021-08-09,0.002,0.032,0.0064,7.0,8.0,27.15,33.099999999999994,22.05,0.0,1.3,72.05
195,경북,2021-08-09,0.0027666666666666,0.0313333333333333,0.0073666666666666,16.666666666666668,5.666666666666667,26.05,31.85,21.6,4.45,1.75,70.55
196,광주,2021-08-09,0.0031666666666666,0.0343333333333333,0.0093,14.0,7.0,27.2,33.0,22.7,NaN,1.0,81.3
197,대구,2021-08-09,0.0011333333333333,0.033,0.0056333333333333,11.333333333333334,3.333333333333333,27.4,33.0,23.1,0.3,2.5,58.5
198,대전,2021-08-09,0.0026999999999999,0.0443333333333333,0.0118,10.0,6.666666666666667,28.1,32.9,22.7,NaN,1.2,70.9
199,부산,2021-08-09,0.0031999999999999,0.0343333333333333,0.0115,13.0,5.333333333333333,26.3,32.1,22.9,2.1,3.3,77.9
200,서울,2021-08-09,0.0024,0.034,0.0089666666666666,10.333333333333334,5.0,28.3,33.6,23.3,NaN,2.3,62.4
201,울산,2021-08-09,0.0020333333333333,0.0343333333333333,0.0061666666666666,7.666666666666667,5.0,24.8,30.1,21.9,19.8,2.7,85.9
202,인천,2021-08-09,0.0026666666666666,0.031,0.0137666666666666,11.0,5.666666666666667,28.0,32.5,23.5,NaN,2.9,55.1
203,전남,2021-08-09,0.0029333333333333,0.0256666666666666,0.0042666666666666,17.0,7.666666666666667,27.03333333333333,32.5,23.33333333333333,16.0,2.733333333333333,79.2
204,전북,2021-08-09,0.0019666666666666,0.0433333333333333,0.0056,16.666666666666668,6.666666666666667,27.166666666666668,31.96666666666667,22.5,NaN,1.6666666666666667,71.60000000000001
205,제주,2021-08-09,0.0013333333333333,0.0506666666666666,0.0058666666666666,24.666666666666668,11.333333333333334,28.35,32.05,25.700000000000003,0.0,2.3,77.4
206,충남,2021-08-09,0.0035333333333333,0.0483333333333333,0.0069333333333333,17.333333333333332,9.666666666666666,27.03333333333333,32.6,22.166666666666668,NaN,1.1666666666666667,72.26666666666667
207,충북,2021-08-09,0.0018,0.0296666666666666,0.0072,11.666666666666666,5.333333333333333,26.133333333333336,31.600000000000005,22.066666666666663,0.0,1.4,70.16666666666667
208,강원,2021-08-08,0.0021,0.0296666666666666,0.0031999999999999,11.333333333333334,4.666666666666667,25.0,28.866666666666664,22.166666666666668,109.7,1.5333333333333332,83.96666666666667
209,경기,2021-08-08,0.0017,0.0263333333333333,0.0092333333333333,14.0,7.0,25.5,31.066666666666663,22.0,1.5666666666666669,1.2333333333333334,84.60000000000001
210,경남,2021-08-08,0.002,0.027,0.0053,13.0,12.0,24.95,29.3,22.1,0.25,0.9,87.1
211,경북,2021-08-08,0.0025333333333333,0.023,0.0071333333333333,20.0,8.0,24.65,29.05,21.8,3.0,1.0499999999999998,88.1
212,광주,2021-08-08,0.0032666666666666,0.0276666666666666,0.0079666666666666,16.0,10.333333333333334,26.0,29.9,22.9,5.0,0.8,91.0
213,대구,2021-08-08,0.0011333333333333,0.0256666666666666,0.0038666666666666,15.666666666666666,6.333333333333333,25.4,29.0,23.2,1.2,1.8,82.8
214,대전,2021-08-08,0.0025666666666666,0.0313333333333333,0.0094333333333333,13.666666666666666,11.0,26.6,29.4,24.5,NaN,1.1,85.4
215,부산,2021-08-08,0.0035999999999999,0.0266666666666666,0.0081,10.0,5.333333333333333,25.3,28.0,23.3,43.3,2.6,90.4
216,서울,2021-08-08,0.0023666666666666,0.0263333333333333,0.0088333333333333,15.666666666666666,9.333333333333334,26.8,32.1,24.4,12.7,1.7,74.8
217,울산,2021-08-08,0.002,0.0256666666666666,0.0055666666666666,8.333333333333334,4.666666666666667,24.5,28.4,22.6,37.2,1.8,96.1
218,인천,2021-08-08,0.0026999999999999,0.0323333333333333,0.0127666666666666,21.666666666666668,13.333333333333334,26.2,31.2,24.5,21.5,2.4,70.4
219,전남,2021-08-08,0.0038666666666666,0.0216666666666666,0.0064,19.666666666666668,10.0,26.46666666666667,29.933333333333334,23.8,0.3333333333333333,1.9333333333333336,84.56666666666666
220,전북,2021-08-08,0.0020333333333333,0.0289999999999999,0.0053666666666666,25.33333333333333,13.333333333333334,26.3,29.8,23.766666666666666,0.1999999999999999,1.1333333333333335,81.56666666666666
221,제주,2021-08-08,0.0015333333333333,0.0363333333333333,0.0069333333333333,20.666666666666668,10.666666666666666,27.95,29.95,26.3,1.1,1.95,80.3
222,충남,2021-08-08,0.0036666666666666,0.032,0.0063,21.666666666666668,14.666666666666666,26.133333333333336,30.066666666666663,23.1,0.0,1.2,80.26666666666667
223,충북,2021-08-08,0.0016666666666666,0.0183333333333333,0.0068666666666666,17.666666666666668,12.0,25.366666666666664,29.23333333333333,22.933333333333334,0.0,1.1,81.5
